{
  "Paris 1": {
    "appartements": {
      "1": 53.6,
      "2": 41.65092592592593,
      "3": 39.74285714285714,
      "5": 46.35761589403973,
      "6": 31.772727272727273
    }
  },
  "Paris 2": {
    "appartements": {
      "1": 61.20192307692308,
      "2": 46.0,
      "5": 43.93939393939394
    }
  },
  "Paris 3": {
    "appartements": {
      "1": 50.0,
      "2": 43.10344827586207,
      "3": 40.60606060606061
    }
  },
  "Paris 4": {
    "appartements": {
      "2": 43.529411764705884,
      "1": 58.5,
      "3": 46.71780303030303,
      "4": 34.82142857142857
    }
  },
  "Paris 5": {
    "appartements": {
      "1": 49.73684210526316,
      "2": 40.45454545454545,
      "3": 42.3728813559322,
      "4": 51.351351351351354,
      "5": 39.23831775700935
    }
  },
  "Paris 6": {
    "appartements": {
      "1": 51.81818181818182,
      "2": 49.5,
      "3": 42.03703703703704,
      "4": 51.46638655462185
    }
  },
  "Paris 7": {
    "appartements": {
      "1": 58.333333333333336,
      "2": 46.89814814814815,
      "3": 37.9625,
      "4": 37.83783783783784,
      "5": 40.70503385340006
    }
  },
  "Paris 8": {
    "appartements": {
      "1": 57.87626262626263,
      "2": 44.0,
      "3": 45.45454545454545,
      "4": 37.735849056603776,
      "5": 32.2193129451194,
      "6": 34.3046357615894
    }
  },
  "Paris 9": {
    "appartements": {
      "1": 53.348214285714285,
      "2": 47.18918918918919,
      "3": 45.58379120879121,
      "4": 38.0,
      "5": 35.0
    }
  },
  "Paris 10": {
    "appartements": {
      "1": 45.91269841269842,
      "3": 31.70731707317073,
      "2": 40.6025641025641,
      "4": 33.649663542417684
    }
  },
  "Paris 11": {
    "appartements": {
      "1": 46.28125,
      "2": 39.285714285714285,
      "3": 34.1875,
      "4": 34.61538461538461,
      "5": 31.987179487179485
    }
  },
  "Paris 12": {
    "appartements": {
      "1": 52.436974789915965,
      "7": 0.8,
      "2": 36.4785373608903,
      "3": 32.2,
      "5": 33.07906317595286,
      "4": 33.734939759036145
    }
  },
  "Paris 13": {
    "appartements": {
      "1": 44.04347826086956,
      "2": 38.0,
      "3": 35.38461538461539,
      "4": 29.69100455716267,
      "5": 27.763256161314416
    }
  },
  "Paris 14": {
    "appartements": {
      "1": 45.45454545454545,
      "2": 38.0,
      "3": 31.984126984126984,
      "4": 41.00067567567568
    }
  },
  "Paris 15": {
    "appartements": {
      "1": 44.91379310344828,
      "2": 36.899313501144164,
      "3": 32.25806451612903,
      "4": 35.55555555555556,
      "5": 31.322314049586776
    }
  },
  "Paris 16": {
    "appartements": {
      "1": 55.625,
      "2": 39.333333333333336,
      "3": 35.08771929824562,
      "4": 33.70786516853933,
      "5": 33.019077595066804,
      "6": 31.616161616161616,
      "7": 40.65040650406504
    }
  },
  "Paris 17": {
    "appartements": {
      "1": 49.6875,
      "2": 37.960239651416124,
      "3": 35.87620192307692,
      "4": 37.234042553191486,
      "5": 32.97872340425532,
      "6": 37.04043645699615,
      "7": 28.095238095238095
    }
  },
  "Paris 18": {
    "appartements": {
      "2": 37.48717948717949,
      "1": 45.19230769230769,
      "3": 33.37772397094431,
      "4": 34.411764705882355
    }
  },
  "Paris 19": {
    "appartements": {
      "1": 39.708333333333336,
      "2": 34.0,
      "3": 29.854545454545455,
      "4": 26.723741374904165,
      "6": 23.58490566037736,
      "5": 31.325301204819276
    }
  },
  "Paris 20": {
    "appartements": {
      "1": 44.11764705882353,
      "2": 34.90601503759399,
      "3": 30.17241379310345,
      "4": 31.818181818181817,
      "6": 34.46601941747573
    }
  }
}