{
  "Paris 1": {
    "appartements": {
      "1": 12735.833333333334,
      "2": 12578.615384615385,
      "3": 12887.852822580644,
      "4": 13424.528301886792,
      "5": 13368.32700469064,
      "6": 14049.666666666668,
      "7": 11758.474576271186,
      "8": 14462.420634920636,
      "9": 17365.853658536584
    },
    "maisons": null
  },
  "Paris 2": {
    "appartements": {
      "1": 11143.25925925926,
      "2": 11895.76873385013,
      "3": 12273.305469370767,
      "4": 12563.918480778138,
      "5": 12067.643678160919,
      "6": 16222.388632872504,
      "7": 11290.823529411764
    },
    "maisons": null
  },
  "Paris 3": {
    "appartements": {
      "1": 12087.121212121212,
      "2": 12401.923076923076,
      "3": 12540.897435897437,
      "4": 12179.48717948718,
      "5": 12548.076923076924,
      "6": 13767.012222222223,
      "7": 13565.833333333332,
      "9": 10228.565217391304,
      "10": 13953.488372093023,
      "8": 12982.756342494715
    },
    "maisons": 17128.021582733814
  },
  "Paris 4": {
    "appartements": {
      "1": 13037.751831501831,
      "2": 12992.241583688952,
      "3": 13370.0,
      "4": 13212.196029776675,
      "5": 13500.0,
      "6": 13165.46762589928,
      "7": 14047.338447233844,
      "8": 15681.095238095237,
      "10": 22000.0,
      "9": 27530.364372469634
    },
    "maisons": 23741.007194244605
  },
  "Paris 5": {
    "appartements": {
      "1": 12469.255952380954,
      "2": 12109.991066110779,
      "3": 12480.0,
      "4": 13124.791013584118,
      "5": 13935.587461452953,
      "6": 13764.235364269876,
      "7": 13109.456364218517,
      "8": 13163.44861660079,
      "9": 14894.092105263157
    },
    "maisons": 17782.4
  },
  "Paris 6": {
    "appartements": {
      "1": 14222.916666666666,
      "2": 14398.465722495894,
      "3": 14775.322778508995,
      "4": 15396.116780045351,
      "5": 15741.496598639456,
      "6": 16087.717635663059,
      "7": 15985.779716283447,
      "8": 17307.69230769231,
      "9": 31578.78787878788,
      "10": 14979.674796747968
    },
    "maisons": 24167.076903184185
  },
  "Paris 7": {
    "appartements": {
      "1": 13401.88675,
      "2": 13461.630000000001,
      "3": 14872.514680227587,
      "4": 15769.23076923077,
      "5": 15680.641129331963,
      "6": 15710.80380668876,
      "7": 17750.0,
      "8": 16228.070175438597,
      "9": 17229.74504249292,
      "10": 22105.628184439083
    },
    "maisons": 19489.439775910367
  },
  "Paris 8": {
    "appartements": {
      "1": 12573.529411764706,
      "2": 12200.0,
      "3": 12532.366666666667,
      "4": 12737.755102040815,
      "5": 12633.663366336634,
      "6": 12542.0245398773,
      "7": 12842.870391248682,
      "8": 13865.569823434991,
      "9": 16036.548780560757,
      "10": 16081.560877494889
    },
    "maisons": 18640.350877192985
  },
  "Paris 9": {
    "appartements": {
      "1": 11153.846153846154,
      "2": 11626.028202115158,
      "3": 11841.42857142857,
      "4": 11764.70588235294,
      "5": 11965.210355987056,
      "6": 12071.040372670806,
      "7": 10793.48544973545,
      "8": 11396.335927367058,
      "9": 11507.936507936507,
      "10": 5969.333333333333
    },
    "maisons": 16256.666666666668
  },
  "Paris 10": {
    "appartements": {
      "1": 10378.571428571428,
      "2": 10384.615384615385,
      "3": 10422.535211267606,
      "4": 10227.272727272728,
      "5": 10000.0,
      "6": 9000.0,
      "7": 8796.774193548386,
      "10": 8407.14605734767,
      "9": 11141.0,
      "8": 8466.184210526317
    },
    "maisons": null
  },
  "Paris 11": {
    "appartements": {
      "1": 10447.272727272728,
      "2": 10711.144883485309,
      "3": 10720.827220850184,
      "4": 10658.771929824561,
      "5": 10476.979562919656,
      "6": 10049.46649336324,
      "7": 8688.982155432608,
      "8": 7070.832315832316
    },
    "maisons": 19322.663036902602
  },
  "Paris 12": {
    "appartements": {
      "1": 9755.33267020336,
      "2": 9814.556277056277,
      "3": 9825.811940544892,
      "4": 10061.728395061727,
      "5": 9757.305729984302,
      "6": 9267.6308737275,
      "7": 9164.583333333334,
      "8": 4722.222222222223,
      "10": 13000.0
    },
    "maisons": 12442.743764172335
  },
  "Paris 13": {
    "appartements": {
      "1": 9643.228571428572,
      "2": 9256.15763546798,
      "3": 9199.642857142857,
      "4": 9081.669274166785,
      "5": 9425.471078795346,
      "6": 8825.065559440558,
      "7": 7573.130145384481
    },
    "maisons": 14844.070512820512
  },
  "Paris 14": {
    "appartements": {
      "1": 10350.34965034965,
      "2": 9953.824779339655,
      "3": 10232.204011741684,
      "4": 10399.4708994709,
      "5": 10914.317023445463,
      "6": 10730.125848370415,
      "8": 3898.3050847457625,
      "7": 11695.25241802312,
      "9": 15277.777777777777
    },
    "maisons": 15490.354066970442
  },
  "Paris 15": {
    "appartements": {
      "1": 9500.0,
      "2": 9421.052631578947,
      "3": 9875.339673913044,
      "4": 10476.888341543516,
      "5": 10535.321100917432,
      "6": 10669.172932330826,
      "7": 8586.95652173913,
      "8": 8590.807644022876
    },
    "maisons": 11950.774008131983
  },
  "Paris 16": {
    "appartements": {
      "1": 10630.681818181818,
      "2": 10615.546218487394,
      "3": 10792.784518113465,
      "4": 10987.160014005603,
      "5": 10770.273296155974,
      "6": 11984.674502614183,
      "7": 12107.641948885812,
      "8": 12701.2602768455,
      "9": 13877.551020408164,
      "10": 14994.788237875797
    },
    "maisons": 17416.0
  },
  "Paris 17": {
    "appartements": {
      "2": 10618.060724197172,
      "1": 10500.0,
      "3": 11346.041666666668,
      "4": 11851.42857142857,
      "5": 11967.857142857143,
      "6": 11839.515165479683,
      "7": 10890.0,
      "8": 11541.835016835017,
      "10": 11543.496032946638,
      "9": 12005.9219348659
    },
    "maisons": 15829.757391304349
  },
  "Paris 18": {
    "appartements": {
      "1": 9571.031828583316,
      "2": 9643.394925537783,
      "3": 10309.29076819407,
      "4": 10195.808823529413,
      "5": 10340.151515151516,
      "6": 9688.487819370172,
      "7": 9690.77949579832,
      "8": 10192.086330935252
    },
    "maisons": 13457.806487351665
  },
  "Paris 19": {
    "appartements": {
      "2": 8878.69257400708,
      "1": 9223.809523809523,
      "3": 9072.25641025641,
      "4": 8508.26923076923,
      "5": 8522.727272727272,
      "6": 9649.122807017544,
      "7": 7903.225806451613,
      "9": 8142.857142857143
    },
    "maisons": 14094.488188976378
  },
  "Paris 20": {
    "appartements": {
      "1": 9490.684615384616,
      "2": 9454.925115207374,
      "3": 9186.153846153846,
      "4": 8940.54418604651,
      "5": 8174.742268041237,
      "6": 9744.244897959183,
      "7": 5078.021978021978,
      "8": 9385.474860335196,
      "10": 75.38461538461539,
      "9": 9950.0
    },
    "maisons": 12093.608831672203
  }
}